{
    "id": "0fe0020c-14bf-462c-880b-20ef9c44acdd",
    "type": "magnet",
    "supplier": "Earth Panda",
    "url": "",
    "name": "38M",
    "Density (kg/m3)": 7500,
    "Conductivity (S/m)": 555.6e3,
    "Br max. (T)": 1.28,
    "Br min. (T)": 1.23,
    "Hcb max. (A/m)": -899e3,
    "Hcb min. (A/m)": -899e3,
    "Hcj max. (A/m)": -1114e3,
    "Hcj min. (A/m)": -1114e3,
    "BH max. (J/m3)": 310e3,
    "BH min. (J/m3)": 287e3,
    "Tc Br (%/C)": -0.12,
    "Tc Hcb (%/C)": -0.625,
    "Tc Conductivity (%/C)": 0.4041,
    "Curie Temperature (C)": 310,
    "Possible Magnetisation": [
        "diametral",
        "radial"
    ],
    "Intrinsic Demagnetization Curves": [
        {
            "Temperature (C)": 20,
            "H (A/m)": [
                -1179850.746,
                -1177736.318,
                -1175621.891,
                -1173507.463,
                -1169278.607,
                -1165049.751,
                -1158706.468,
                -1150248.756,
                -1135447.761,
                -1110074.627,
                -1084701.493,
                -1052985.075,
                -1004353.234,
                -902860.6965,
                -704104.4776,
                -403855.7214,
                -200870.6468,
                0
            ],
            "J (T)": [
                0,
                0.199998301,
                0.402461735,
                0.5995973,
                0.799401218,
                0.903303496,
                1.004546258,
                1.055178683,
                1.084512886,
                1.105877375,
                1.121913996,
                1.132636,
                1.143393347,
                1.159589009,
                1.181315757,
                1.203254561,
                1.216998342,
                1.236061156
            ]
        },
        {
            "Temperature (C)": 130,
            "H (A/m)": [
                -367013.1694,
                -366578.3197,
                -366143.4699,
                -365273.7705,
                -362664.6721,
                -358316.1749,
                -352228.2787,
                -341791.8852,
                -307873.6066,
                -250038.5929,
                -187420.2322,
                -99580.58743,
                -43484.97268,
                0
            ],
            "J (T)": [
                0,
                0.308859967,
                0.727176407,
                0.876786385,
                1.011112502,
                1.056872315,
                1.084294832,
                1.09640846,
                1.102189964,
                1.107742043,
                1.110194802,
                1.112405623,
                1.114920953,
                1.117553081
            ]
        }
    ]
}