{
    "id": "cca34047-369b-415c-a0d0-5152ad2b95c0",
    "type": "ferrous metal",
    "supplier": "tbd",
    "url": "",
    "name": "E235+C",
    "Density (kg/m3)": 7850,
    "Stacking Factor (%)": 100,
    "Conductivity (S/m)": 10.5e6,
    "Tc Conductivity (%/C)": -0.4041,
    "kh (W/m3)": 363.928,
    "ke (W/m3)": 5.4879,
    "ka (W/m3)": 0,
    "ur": 1000,
    "H (A/m)": [
        0,
        150,
        250,
        400,
        550,
        750,
        1100,
        2200,
        4600,
        7000,
        10500,
        16000,
        28000,
        47000,
        100000,
        165000,
        181000
    ],
    "B (T)": [
        0,
        0.2,
        0.4,
        0.6,
        0.8,
        1,
        1.2,
        1.4,
        1.6,
        1.7,
        1.8,
        1.9,
        2,
        2.1,
        2.2,
        2.3,
        2.33
    ],
    "Losses": [
        {
            "Frequency (Hz)": 50,
            "B (T)": [
                0,
                0.50113,
                0.60115,
                0.70117,
                0.80119,
                0.90021,
                1.00124,
                1.10126,
                1.2013,
                1.30142,
                1.40172,
                1.50261,
                1.60377,
                1.70777
            ],
            "P (W/kg)": [
                0,
                1.12,
                1.54,
                2.07,
                2.65,
                3.33,
                4.05,
                4.88,
                5.79,
                6.71,
                7.73,
                8.89,
                10.15,
                12.42
            ]
        }
    ]
}
